,iterations per agent,number of agents,random seed,average utility of best design,smax,smin,number of created designs
0,0,10,0,0.0711531326602223,0.8403284943340321,0.0711531326602223,1
1,1,10,0,0.072358179844712,0.8403284943340321,0.0711531326602223,7
2,3,10,0,0.0757717944117259,0.8403284943340321,0.0711531326602223,15
3,5,10,0,0.0793597683744985,0.8403284943340321,0.0711531326602223,20
4,7,10,0,0.0839890460867116,0.8403284943340321,0.0711531326602223,28
5,9,10,0,0.0909755844786899,0.8403284943340321,0.0711531326602223,37
6,11,10,0,0.0951759786448364,0.8403284943340321,0.0711531326602223,43
7,13,10,0,0.1053497197918044,0.8403284943340321,0.0711531326602223,49
8,15,10,0,0.1085027242713508,0.8403284943340321,0.0711531326602223,55
9,17,10,0,0.1105674560960107,0.8403284943340321,0.0711531326602223,63
10,19,10,0,0.1148987647130909,0.8403284943340321,0.0711531326602223,69
11,21,10,0,0.1148987647130909,0.8403284943340321,0.0711531326602223,72
12,23,10,0,0.124092985187215,0.8403284943340321,0.0711531326602223,78
13,25,10,0,0.1367411556573916,0.8403284943340321,0.0711531326602223,83
14,27,10,0,0.138327564098603,0.8403284943340321,0.0711531326602223,90
15,29,10,0,0.1419141032795543,0.8403284943340321,0.0711531326602223,95
16,31,10,0,0.1651142466900786,0.8403284943340321,0.0711531326602223,106
17,33,10,0,0.18413824308079,0.8403284943340321,0.0711531326602223,114
18,35,10,0,0.1940277910609071,0.8403284943340321,0.0711531326602223,123
19,37,10,0,0.1959007187090611,0.8403284943340321,0.0711531326602223,128
20,39,10,0,0.206078115881653,0.8403284943340321,0.0711531326602223,135
21,41,10,0,0.210464484906566,0.8403284943340321,0.0711531326602223,141
22,43,10,0,0.216654573182476,0.8403284943340321,0.0711531326602223,144
23,45,10,0,0.216654573182476,0.8403284943340321,0.0711531326602223,147
24,47,10,0,0.2228815096839419,0.8403284943340321,0.0711531326602223,154
25,49,10,0,0.2361385669823873,0.8403284943340321,0.0711531326602223,157
26,0,10,1,0.1100075571410867,0.906955988151384,0.1100075571410867,1
27,1,10,1,0.110953896200154,0.906955988151384,0.1100075571410867,6
28,3,10,1,0.1132615934724946,0.906955988151384,0.1100075571410867,15
29,5,10,1,0.116909275662986,0.906955988151384,0.1100075571410867,20
30,7,10,1,0.1223713104664182,0.906955988151384,0.1100075571410867,31
31,9,10,1,0.1245106324262584,0.906955988151384,0.1100075571410867,40
32,11,10,1,0.1256674053902429,0.906955988151384,0.1100075571410867,44
33,13,10,1,0.1315525724264291,0.906955988151384,0.1100075571410867,52
34,15,10,1,0.1328883205677715,0.906955988151384,0.1100075571410867,56
35,17,10,1,0.1341331937276856,0.906955988151384,0.1100075571410867,63
36,19,10,1,0.136789799846885,0.906955988151384,0.1100075571410867,66
37,21,10,1,0.136789799846885,0.906955988151384,0.1100075571410867,71
38,23,10,1,0.136789799846885,0.906955988151384,0.1100075571410867,78
39,25,10,1,0.1380718129152895,0.906955988151384,0.1100075571410867,81
40,27,10,1,0.1408449635131926,0.906955988151384,0.1100075571410867,84
41,29,10,1,0.1453114250085576,0.906955988151384,0.1100075571410867,91
42,31,10,1,0.150076643972346,0.906955988151384,0.1100075571410867,99
43,33,10,1,0.150076643972346,0.906955988151384,0.1100075571410867,103
44,35,10,1,0.1544346988129273,0.906955988151384,0.1100075571410867,112
45,37,10,1,0.1583610378255689,0.906955988151384,0.1100075571410867,117
46,39,10,1,0.1583610378255689,0.906955988151384,0.1100075571410867,121
47,41,10,1,0.1637786869624886,0.906955988151384,0.1100075571410867,126
48,43,10,1,0.1637786869624886,0.906955988151384,0.1100075571410867,133
49,45,10,1,0.1637786869624886,0.906955988151384,0.1100075571410867,138
50,47,10,1,0.1637786869624886,0.906955988151384,0.1100075571410867,142
51,49,10,1,0.1639981976299431,0.906955988151384,0.1100075571410867,145
52,0,10,2,0.1303480837262602,0.8917700180399356,0.1303480837262602,1
53,1,10,2,0.1360034634696597,0.8917700180399356,0.1303480837262602,7
54,3,10,2,0.140973455163711,0.8917700180399356,0.1303480837262602,12
55,5,10,2,0.1537085321386789,0.8917700180399356,0.1303480837262602,22
56,7,10,2,0.1590671659255841,0.8917700180399356,0.1303480837262602,27
57,9,10,2,0.1693825573493248,0.8917700180399356,0.1303480837262602,36
58,11,10,2,0.1740975174197344,0.8917700180399356,0.1303480837262602,42
59,13,10,2,0.1740975174197344,0.8917700180399356,0.1303480837262602,50
60,15,10,2,0.1740975174197344,0.8917700180399356,0.1303480837262602,60
61,17,10,2,0.1740975174197344,0.8917700180399356,0.1303480837262602,61
62,19,10,2,0.1851546160010525,0.8917700180399356,0.1303480837262602,67
63,21,10,2,0.19155827435416,0.8917700180399356,0.1303480837262602,79
64,23,10,2,0.1960174803568825,0.8917700180399356,0.1303480837262602,86
65,25,10,2,0.206724626351719,0.8917700180399356,0.1303480837262602,97
66,27,10,2,0.206724626351719,0.8917700180399356,0.1303480837262602,107
67,29,10,2,0.2176534176662863,0.8917700180399356,0.1303480837262602,112
68,31,10,2,0.2235461256985401,0.8917700180399356,0.1303480837262602,119
69,33,10,2,0.2240014182910952,0.8917700180399356,0.1303480837262602,122
70,35,10,2,0.225227186864771,0.8917700180399356,0.1303480837262602,126
71,37,10,2,0.225227186864771,0.8917700180399356,0.1303480837262602,129
72,39,10,2,0.225227186864771,0.8917700180399356,0.1303480837262602,132
73,41,10,2,0.2324073182998494,0.8917700180399356,0.1303480837262602,133
74,43,10,2,0.2324073182998494,0.8917700180399356,0.1303480837262602,138
75,45,10,2,0.2397146140222381,0.8917700180399356,0.1303480837262602,145
76,47,10,2,0.2397146140222381,0.8917700180399356,0.1303480837262602,150
77,49,10,2,0.2432812147070838,0.8917700180399356,0.1303480837262602,156
78,0,10,3,0.1355681397528228,0.9119372026213048,0.1355681397528228,1
79,1,10,3,0.1392228731682854,0.9119372026213048,0.1355681397528228,6
80,3,10,3,0.1459367366086122,0.9119372026213048,0.1355681397528228,12
81,5,10,3,0.1552308827484366,0.9119372026213048,0.1355681397528228,19
82,7,10,3,0.1660267163580082,0.9119372026213048,0.1355681397528228,26
83,9,10,3,0.1885434522921886,0.9119372026213048,0.1355681397528228,36
84,11,10,3,0.2027081710551149,0.9119372026213048,0.1355681397528228,42
85,13,10,3,0.2086055083029428,0.9119372026213048,0.1355681397528228,47
86,15,10,3,0.2086055083029428,0.9119372026213048,0.1355681397528228,48
87,17,10,3,0.217415975876762,0.9119372026213048,0.1355681397528228,51
88,19,10,3,0.2257619074977595,0.9119372026213048,0.1355681397528228,57
89,21,10,3,0.2257619074977595,0.9119372026213048,0.1355681397528228,59
90,23,10,3,0.2499745084766322,0.9119372026213048,0.1355681397528228,68
91,25,10,3,0.2652427850791093,0.9119372026213048,0.1355681397528228,75
92,27,10,3,0.2835369581071906,0.9119372026213048,0.1355681397528228,82
93,29,10,3,0.2935198230394102,0.9119372026213048,0.1355681397528228,87
94,31,10,3,0.3105440330689675,0.9119372026213048,0.1355681397528228,95
95,33,10,3,0.3407288899783406,0.9119372026213048,0.1355681397528228,100
96,35,10,3,0.3407288899783406,0.9119372026213048,0.1355681397528228,105
97,37,10,3,0.3513422135891294,0.9119372026213048,0.1355681397528228,110
98,39,10,3,0.3697394963072392,0.9119372026213048,0.1355681397528228,117
99,41,10,3,0.3697394963072392,0.9119372026213048,0.1355681397528228,118
100,43,10,3,0.3804576361137378,0.9119372026213048,0.1355681397528228,122
101,45,10,3,0.3912360668885442,0.9119372026213048,0.1355681397528228,124
102,47,10,3,0.4020391753981123,0.9119372026213048,0.1355681397528228,130
103,49,10,3,0.4128722933427498,0.9119372026213048,0.1355681397528228,139
104,0,10,4,0.1688422002809171,0.8268466004262927,0.1688422002809171,1
105,1,10,4,0.1734322085376583,0.8268466004262927,0.1688422002809171,7
106,3,10,4,0.1919823884315441,0.8268466004262927,0.1688422002809171,16
107,5,10,4,0.2184251529523051,0.8268466004262927,0.1688422002809171,23
108,7,10,4,0.2193811214608885,0.8268466004262927,0.1688422002809171,30
109,9,10,4,0.2319155489935624,0.8268466004262927,0.1688422002809171,37
110,11,10,4,0.2551351983078076,0.8268466004262927,0.1688422002809171,47
111,13,10,4,0.2568070034013451,0.8268466004262927,0.1688422002809171,52
112,15,10,4,0.2568070034013451,0.8268466004262927,0.1688422002809171,56
113,17,10,4,0.2587428100772692,0.8268466004262927,0.1688422002809171,61
114,19,10,4,0.2732348073509706,0.8268466004262927,0.1688422002809171,73
115,21,10,4,0.2732348073509706,0.8268466004262927,0.1688422002809171,76
116,23,10,4,0.2751866608677348,0.8268466004262927,0.1688422002809171,86
117,25,10,4,0.2897259523665929,0.8268466004262927,0.1688422002809171,95
118,27,10,4,0.2982657271157767,0.8268466004262927,0.1688422002809171,102
119,29,10,4,0.3079035698386561,0.8268466004262927,0.1688422002809171,111
120,31,10,4,0.3159803478579365,0.8268466004262927,0.1688422002809171,117
121,33,10,4,0.3232625934782465,0.8268466004262927,0.1688422002809171,121
122,35,10,4,0.330807867441741,0.8268466004262927,0.1688422002809171,128
123,37,10,4,0.3321113612056464,0.8268466004262927,0.1688422002809171,132
124,39,10,4,0.3330217618584658,0.8268466004262927,0.1688422002809171,139
125,41,10,4,0.3389070471039138,0.8268466004262927,0.1688422002809171,145
126,43,10,4,0.3389070471039138,0.8268466004262927,0.1688422002809171,151
127,45,10,4,0.3389070471039138,0.8268466004262927,0.1688422002809171,157
128,47,10,4,0.3464338774680003,0.8268466004262927,0.1688422002809171,165
129,49,10,4,0.3474371624337941,0.8268466004262927,0.1688422002809171,173
130,0,10,5,0.2056178981151086,0.873957838337526,0.2056178981151086,1
131,1,10,5,0.2060244033458361,0.873957838337526,0.2056178981151086,4
132,3,10,5,0.2084913042043456,0.873957838337526,0.2056178981151086,15
133,5,10,5,0.2093517929382868,0.873957838337526,0.2056178981151086,25
134,7,10,5,0.2093517929382868,0.873957838337526,0.2056178981151086,29
135,9,10,5,0.2102114482735066,0.873957838337526,0.2056178981151086,35
136,11,10,5,0.2119194901007608,0.873957838337526,0.2056178981151086,39
137,13,10,5,0.2131399764339175,0.873957838337526,0.2056178981151086,50
138,15,10,5,0.2149300571842347,0.873957838337526,0.2056178981151086,57
139,17,10,5,0.2153948033517599,0.873957838337526,0.2056178981151086,60
140,19,10,5,0.2169829914441552,0.873957838337526,0.2056178981151086,68
141,21,10,5,0.2192389120649157,0.873957838337526,0.2056178981151086,72
142,23,10,5,0.2197900926616908,0.873957838337526,0.2056178981151086,80
143,25,10,5,0.2197900926616908,0.873957838337526,0.2056178981151086,83
144,27,10,5,0.2197900926616908,0.873957838337526,0.2056178981151086,89
145,29,10,5,0.2197900926616908,0.873957838337526,0.2056178981151086,94
146,31,10,5,0.2207031886076105,0.873957838337526,0.2056178981151086,98
147,33,10,5,0.2261022406427971,0.873957838337526,0.2056178981151086,106
148,35,10,5,0.2261022406427971,0.873957838337526,0.2056178981151086,110
149,37,10,5,0.2261022406427971,0.873957838337526,0.2056178981151086,113
150,39,10,5,0.2261022406427971,0.873957838337526,0.2056178981151086,119
151,41,10,5,0.2278529072025623,0.873957838337526,0.2056178981151086,123
152,43,10,5,0.2305198429755589,0.873957838337526,0.2056178981151086,134
153,45,10,5,0.232462419093111,0.873957838337526,0.2056178981151086,140
154,47,10,5,0.232462419093111,0.873957838337526,0.2056178981151086,147
155,49,10,5,0.232462419093111,0.873957838337526,0.2056178981151086,153
156,0,10,6,0.1085813497119015,0.9573138562129956,0.1085813497119015,1
157,1,10,6,0.1093526970858758,0.9573138562129956,0.1085813497119015,7
158,3,10,6,0.115607466989482,0.9573138562129956,0.1085813497119015,20
159,5,10,6,0.1200388256712213,0.9573138562129956,0.1085813497119015,28
160,7,10,6,0.1230241508413247,0.9573138562129956,0.1085813497119015,37
161,9,10,6,0.1281176221027515,0.9573138562129956,0.1085813497119015,40
162,11,10,6,0.1314023315847003,0.9573138562129956,0.1085813497119015,52
163,13,10,6,0.1385033913216559,0.9573138562129956,0.1085813497119015,57
164,15,10,6,0.1385033913216559,0.9573138562129956,0.1085813497119015,61
165,17,10,6,0.1385033913216559,0.9573138562129956,0.1085813497119015,67
166,19,10,6,0.1518507791978184,0.9573138562129956,0.1085813497119015,76
167,21,10,6,0.1595217308797966,0.9573138562129956,0.1085813497119015,82
168,23,10,6,0.1648845192147725,0.9573138562129956,0.1085813497119015,90
169,25,10,6,0.1798908881494224,0.9573138562129956,0.1085813497119015,97
170,27,10,6,0.1936449498434668,0.9573138562129956,0.1085813497119015,105
171,29,10,6,0.1936449498434668,0.9573138562129956,0.1085813497119015,108
172,31,10,6,0.1986156231566708,0.9573138562129956,0.1085813497119015,114
173,33,10,6,0.2037831707007609,0.9573138562129956,0.1085813497119015,122
174,35,10,6,0.2146072003410217,0.9573138562129956,0.1085813497119015,129
175,37,10,6,0.2198701198210313,0.9573138562129956,0.1085813497119015,133
176,39,10,6,0.225695703402733,0.9573138562129956,0.1085813497119015,143
177,41,10,6,0.225695703402733,0.9573138562129956,0.1085813497119015,147
178,43,10,6,0.2307048723410152,0.9573138562129956,0.1085813497119015,151
179,45,10,6,0.2361299906498675,0.9573138562129956,0.1085813497119015,157
180,47,10,6,0.247625559336268,0.9573138562129956,0.1085813497119015,166
181,49,10,6,0.247625559336268,0.9573138562129956,0.1085813497119015,167
182,0,10,7,0.1581682976065617,0.8762854081054308,0.1581682976065617,1
183,1,10,7,0.159311391218555,0.8762854081054308,0.1581682976065617,6
184,3,10,7,0.1608755530534948,0.8762854081054308,0.1581682976065617,15
185,5,10,7,0.1632413819273493,0.8762854081054308,0.1581682976065617,25
186,7,10,7,0.1675857316775397,0.8762854081054308,0.1581682976065617,35
187,9,10,7,0.1675857316775397,0.8762854081054308,0.1581682976065617,43
188,11,10,7,0.1679135592303386,0.8762854081054308,0.1581682976065617,46
189,13,10,7,0.1706119218196495,0.8762854081054308,0.1581682976065617,56
190,15,10,7,0.1728148007976134,0.8762854081054308,0.1581682976065617,62
191,17,10,7,0.1749893138648598,0.8762854081054308,0.1581682976065617,70
192,19,10,7,0.1749893138648598,0.8762854081054308,0.1581682976065617,77
193,21,10,7,0.1774013628535593,0.8762854081054308,0.1581682976065617,87
194,23,10,7,0.1819884469568916,0.8762854081054308,0.1581682976065617,95
195,25,10,7,0.1886526331106444,0.8762854081054308,0.1581682976065617,102
196,27,10,7,0.1886526331106444,0.8762854081054308,0.1581682976065617,106
197,29,10,7,0.1886526331106444,0.8762854081054308,0.1581682976065617,110
198,31,10,7,0.1901950856261292,0.8762854081054308,0.1581682976065617,115
199,33,10,7,0.1915201523773741,0.8762854081054308,0.1581682976065617,121
200,35,10,7,0.1915201523773741,0.8762854081054308,0.1581682976065617,128
201,37,10,7,0.1915201523773741,0.8762854081054308,0.1581682976065617,134
202,39,10,7,0.1915201523773741,0.8762854081054308,0.1581682976065617,138
203,41,10,7,0.1973273986139617,0.8762854081054308,0.1581682976065617,142
204,43,10,7,0.2027718878804891,0.8762854081054308,0.1581682976065617,146
205,45,10,7,0.2027718878804891,0.8762854081054308,0.1581682976065617,151
206,47,10,7,0.2027718878804891,0.8762854081054308,0.1581682976065617,155
207,49,10,7,0.2027718878804891,0.8762854081054308,0.1581682976065617,158
208,0,10,8,0.1301676003236835,0.850919649085187,0.1301676003236835,1
209,1,10,8,0.1319952730795109,0.850919649085187,0.1301676003236835,5
210,3,10,8,0.1478960133667152,0.850919649085187,0.1301676003236835,14
211,5,10,8,0.1525374835655225,0.850919649085187,0.1301676003236835,24
212,7,10,8,0.1632760880310987,0.850919649085187,0.1301676003236835,30
213,9,10,8,0.1680364812361141,0.850919649085187,0.1301676003236835,34
214,11,10,8,0.1848112588816072,0.850919649085187,0.1301676003236835,44
215,13,10,8,0.1951166725794457,0.850919649085187,0.1301676003236835,52
216,15,10,8,0.20993767898869,0.850919649085187,0.1301676003236835,59
217,17,10,8,0.2153853154701501,0.850919649085187,0.1301676003236835,68
218,19,10,8,0.2154756321408349,0.850919649085187,0.1301676003236835,72
219,21,10,8,0.2208201753396167,0.850919649085187,0.1301676003236835,78
220,23,10,8,0.226331460654555,0.850919649085187,0.1301676003236835,82
221,25,10,8,0.2318662743333404,0.850919649085187,0.1301676003236835,86
222,27,10,8,0.2373866323607635,0.850919649085187,0.1301676003236835,92
223,29,10,8,0.237396866507329,0.850919649085187,0.1301676003236835,96
224,31,10,8,0.2482709968752844,0.850919649085187,0.1301676003236835,102
225,33,10,8,0.2589851539099275,0.850919649085187,0.1301676003236835,112
226,35,10,8,0.2642602820739603,0.850919649085187,0.1301676003236835,117
227,37,10,8,0.2642602820739603,0.850919649085187,0.1301676003236835,120
228,39,10,8,0.2642602820739603,0.850919649085187,0.1301676003236835,124
229,41,10,8,0.2642602820739603,0.850919649085187,0.1301676003236835,129
230,43,10,8,0.2694330131533925,0.850919649085187,0.1301676003236835,132
231,45,10,8,0.2694330131533925,0.850919649085187,0.1301676003236835,136
232,47,10,8,0.2744573497305819,0.850919649085187,0.1301676003236835,141
233,49,10,8,0.2744573497305819,0.850919649085187,0.1301676003236835,147
234,0,10,10,0.11395440188928,0.8300205700076386,0.11395440188928,1
235,1,10,10,0.1156566505540264,0.8300205700076386,0.11395440188928,7
236,3,10,10,0.1196251366341153,0.8300205700076386,0.11395440188928,16
237,5,10,10,0.1200271341676799,0.8300205700076386,0.11395440188928,22
238,7,10,10,0.1220805712963266,0.8300205700076386,0.11395440188928,27
239,9,10,10,0.1244192342632966,0.8300205700076386,0.11395440188928,35
240,11,10,10,0.1270263511212969,0.8300205700076386,0.11395440188928,42
241,13,10,10,0.1343654941362217,0.8300205700076386,0.11395440188928,49
242,15,10,10,0.1395236935194713,0.8300205700076386,0.11395440188928,54
243,17,10,10,0.1395236935194713,0.8300205700076386,0.11395440188928,60
244,19,10,10,0.1496931594154352,0.8300205700076386,0.11395440188928,68
245,21,10,10,0.1511340024091506,0.8300205700076386,0.11395440188928,72
246,23,10,10,0.1553857803986458,0.8300205700076386,0.11395440188928,79
247,25,10,10,0.166130589399237,0.8300205700076386,0.11395440188928,84
248,27,10,10,0.1745447833264678,0.8300205700076386,0.11395440188928,92
249,29,10,10,0.1838624470925145,0.8300205700076386,0.11395440188928,98
250,31,10,10,0.1883439517207365,0.8300205700076386,0.11395440188928,105
251,33,10,10,0.1883439517207365,0.8300205700076386,0.11395440188928,113
252,35,10,10,0.1979382147708435,0.8300205700076386,0.11395440188928,117
253,37,10,10,0.2037628849683289,0.8300205700076386,0.11395440188928,122
254,39,10,10,0.2096958815518974,0.8300205700076386,0.11395440188928,125
255,41,10,10,0.2096958815518974,0.8300205700076386,0.11395440188928,129
256,43,10,10,0.2096958815518974,0.8300205700076386,0.11395440188928,136
257,45,10,10,0.2172283982915218,0.8300205700076386,0.11395440188928,147
258,47,10,10,0.2172283982915218,0.8300205700076386,0.11395440188928,154
259,49,10,10,0.2172283982915218,0.8300205700076386,0.11395440188928,157
260,0,100,0,0.118042248891302,0.8482605567898969,0.118042248891302,1
261,1,100,0,0.1341791585293711,0.8482605567898969,0.118042248891302,37
262,3,100,0,0.1751084106592934,0.8482605567898969,0.118042248891302,107
263,5,100,0,0.2111517516289935,0.8482605567898969,0.118042248891302,175
264,7,100,0,0.2378762833044678,0.8482605567898969,0.118042248891302,222
265,9,100,0,0.2485697369545773,0.8482605567898969,0.118042248891302,276
266,11,100,0,0.2485697369545773,0.8482605567898969,0.118042248891302,305
267,13,100,0,0.2656600122632181,0.8482605567898969,0.118042248891302,344
268,15,100,0,0.2921918701899372,0.8482605567898969,0.118042248891302,381
269,17,100,0,0.3020542928696326,0.8482605567898969,0.118042248891302,425
270,19,100,0,0.3020542928696326,0.8482605567898969,0.118042248891302,456
271,21,100,0,0.3118847724464777,0.8482605567898969,0.118042248891302,499
272,23,100,0,0.3313368014513542,0.8482605567898969,0.118042248891302,539
273,25,100,0,0.3454161320707986,0.8482605567898969,0.118042248891302,578
274,27,100,0,0.3548056982234156,0.8482605567898969,0.118042248891302,611
275,29,100,0,0.3596324808794875,0.8482605567898969,0.118042248891302,635
276,31,100,0,0.3684947988416743,0.8482605567898969,0.118042248891302,658
277,33,100,0,0.3817281185216546,0.8482605567898969,0.118042248891302,692
278,35,100,0,0.3858102846250114,0.8482605567898969,0.118042248891302,721
279,37,100,0,0.3897376726943289,0.8482605567898969,0.118042248891302,766
280,39,100,0,0.4027363689823843,0.8482605567898969,0.118042248891302,793
281,41,100,0,0.4062893032422583,0.8482605567898969,0.118042248891302,825
282,43,100,0,0.4070872360851333,0.8482605567898969,0.118042248891302,850
283,45,100,0,0.4148130719526912,0.8482605567898969,0.118042248891302,874
284,47,100,0,0.4211379878767908,0.8482605567898969,0.118042248891302,897
285,49,100,0,0.4292684768191859,0.8482605567898969,0.118042248891302,924
286,0,100,1,0.1377568237700536,0.8612806896248978,0.1377568237700536,1
287,1,100,1,0.1517664552173465,0.8612806896248978,0.1377568237700536,47
288,3,100,1,0.1713384389187849,0.8612806896248978,0.1377568237700536,109
289,5,100,1,0.1900961823907422,0.8612806896248978,0.1377568237700536,171
290,7,100,1,0.2055513703037525,0.8612806896248978,0.1377568237700536,230
291,9,100,1,0.2153849034867504,0.8612806896248978,0.1377568237700536,281
292,11,100,1,0.2255068817627175,0.8612806896248978,0.1377568237700536,330
293,13,100,1,0.2393515936876747,0.8612806896248978,0.1377568237700536,377
294,15,100,1,0.2533692334993154,0.8612806896248978,0.1377568237700536,419
295,17,100,1,0.2605074789244735,0.8612806896248978,0.1377568237700536,462
296,19,100,1,0.2884557329682352,0.8612806896248978,0.1377568237700536,502
297,21,100,1,0.3020078454380476,0.8612806896248978,0.1377568237700536,536
298,23,100,1,0.3020078454380476,0.8612806896248978,0.1377568237700536,576
299,25,100,1,0.3086099880629168,0.8612806896248978,0.1377568237700536,608
300,27,100,1,0.320952376122188,0.8612806896248978,0.1377568237700536,643
301,29,100,1,0.320952376122188,0.8612806896248978,0.1377568237700536,674
302,31,100,1,0.3211852284779533,0.8612806896248978,0.1377568237700536,706
303,33,100,1,0.3274191607429248,0.8612806896248978,0.1377568237700536,729
304,35,100,1,0.3275542316916888,0.8612806896248978,0.1377568237700536,759
305,37,100,1,0.3286895586651226,0.8612806896248978,0.1377568237700536,789
306,39,100,1,0.3335328459633099,0.8612806896248978,0.1377568237700536,821
307,41,100,1,0.3361878067878821,0.8612806896248978,0.1377568237700536,847
308,43,100,1,0.3388335010309826,0.8612806896248978,0.1377568237700536,866
309,45,100,1,0.3430233948347996,0.8612806896248978,0.1377568237700536,885
310,47,100,1,0.3430233948347996,0.8612806896248978,0.1377568237700536,914
311,49,100,1,0.3525990787111431,0.8612806896248978,0.1377568237700536,944
312,0,100,2,0.1653860316487824,0.861569038614596,0.1653860316487824,1
313,1,100,2,0.2015903893112548,0.861569038614596,0.1653860316487824,39
314,3,100,2,0.2651822417098282,0.861569038614596,0.1653860316487824,102
315,5,100,2,0.3254373098202838,0.861569038614596,0.1653860316487824,154
316,7,100,2,0.4035031745718243,0.861569038614596,0.1653860316487824,207
317,9,100,2,0.4535565446906093,0.861569038614596,0.1653860316487824,254
318,11,100,2,0.4924672024831122,0.861569038614596,0.1653860316487824,296
319,13,100,2,0.5289068349664707,0.861569038614596,0.1653860316487824,332
320,15,100,2,0.5543152357933996,0.861569038614596,0.1653860316487824,361
321,17,100,2,0.5774005497425398,0.861569038614596,0.1653860316487824,393
322,19,100,2,0.5915149696262693,0.861569038614596,0.1653860316487824,423
323,21,100,2,0.6043125327045852,0.861569038614596,0.1653860316487824,450
324,23,100,2,0.6312550364369476,0.861569038614596,0.1653860316487824,485
325,25,100,2,0.6398362786927239,0.861569038614596,0.1653860316487824,514
326,27,100,2,0.653220052886072,0.861569038614596,0.1653860316487824,554
327,29,100,2,0.657686649636478,0.861569038614596,0.1653860316487824,591
328,31,100,2,0.6611442805129929,0.861569038614596,0.1653860316487824,625
329,33,100,2,0.6652673651517866,0.861569038614596,0.1653860316487824,653
330,35,100,2,0.6680285676152588,0.861569038614596,0.1653860316487824,681
331,37,100,2,0.6681803991786974,0.861569038614596,0.1653860316487824,713
332,39,100,2,0.6681803991786974,0.861569038614596,0.1653860316487824,736
333,41,100,2,0.6699825727527131,0.861569038614596,0.1653860316487824,767
334,43,100,2,0.6701226969508763,0.861569038614596,0.1653860316487824,791
335,45,100,2,0.6703113719447734,0.861569038614596,0.1653860316487824,816
336,47,100,2,0.6709364324078407,0.861569038614596,0.1653860316487824,839
337,49,100,2,0.6709364324078407,0.861569038614596,0.1653860316487824,860
338,0,100,3,0.1624804447742816,0.8394749187937858,0.1624804447742816,1
339,1,100,3,0.2173721221931346,0.8394749187937858,0.1624804447742816,47
340,3,100,3,0.2725921190403956,0.8394749187937858,0.1624804447742816,110
341,5,100,3,0.3045175998944069,0.8394749187937858,0.1624804447742816,159
342,7,100,3,0.3819085745609086,0.8394749187937858,0.1624804447742816,216
343,9,100,3,0.4239825057817588,0.8394749187937858,0.1624804447742816,258
344,11,100,3,0.4672566857802211,0.8394749187937858,0.1624804447742816,302
345,13,100,3,0.5275726342911944,0.8394749187937858,0.1624804447742816,342
346,15,100,3,0.560761837963297,0.8394749187937858,0.1624804447742816,381
347,17,100,3,0.592935497760982,0.8394749187937858,0.1624804447742816,419
348,19,100,3,0.6316402088107119,0.8394749187937858,0.1624804447742816,457
349,21,100,3,0.6381757399565685,0.8394749187937858,0.1624804447742816,494
350,23,100,3,0.6597622048191168,0.8394749187937858,0.1624804447742816,527
351,25,100,3,0.6726770363488696,0.8394749187937858,0.1624804447742816,557
352,27,100,3,0.6843229004890518,0.8394749187937858,0.1624804447742816,589
353,29,100,3,0.6949946572876486,0.8394749187937858,0.1624804447742816,618
354,31,100,3,0.7052029566617317,0.8394749187937858,0.1624804447742816,643
355,33,100,3,0.714095800138012,0.8394749187937858,0.1624804447742816,664
356,35,100,3,0.7249428575394582,0.8394749187937858,0.1624804447742816,689
357,37,100,3,0.7251551156798045,0.8394749187937858,0.1624804447742816,715
358,39,100,3,0.7308449845438887,0.8394749187937858,0.1624804447742816,736
359,41,100,3,0.7372042751692888,0.8394749187937858,0.1624804447742816,758
360,43,100,3,0.7376605498574074,0.8394749187937858,0.1624804447742816,774
361,45,100,3,0.7411258676544535,0.8394749187937858,0.1624804447742816,793
362,47,100,3,0.7412304376009631,0.8394749187937858,0.1624804447742816,820
363,49,100,3,0.7423046461586889,0.8394749187937858,0.1624804447742816,841
364,0,100,4,0.1259605033365874,0.8294599896757581,0.1259605033365874,1
365,1,100,4,0.1537006487801824,0.8294599896757581,0.1259605033365874,39
366,3,100,4,0.2276676730555702,0.8294599896757581,0.1259605033365874,98
367,5,100,4,0.2508282122984296,0.8294599896757581,0.1259605033365874,152
368,7,100,4,0.3058762791740944,0.8294599896757581,0.1259605033365874,212
369,9,100,4,0.3302913416537559,0.8294599896757581,0.1259605033365874,263
370,11,100,4,0.3665575546965829,0.8294599896757581,0.1259605033365874,313
371,13,100,4,0.3814662889320106,0.8294599896757581,0.1259605033365874,346
372,15,100,4,0.3910643632204676,0.8294599896757581,0.1259605033365874,375
373,17,100,4,0.4011097690419963,0.8294599896757581,0.1259605033365874,424
374,19,100,4,0.4011097690419963,0.8294599896757581,0.1259605033365874,462
375,21,100,4,0.402987017701698,0.8294599896757581,0.1259605033365874,489
376,23,100,4,0.4062425395946563,0.8294599896757581,0.1259605033365874,519
377,25,100,4,0.4091052116524246,0.8294599896757581,0.1259605033365874,556
378,27,100,4,0.4110018453624206,0.8294599896757581,0.1259605033365874,580
379,29,100,4,0.4110018453624206,0.8294599896757581,0.1259605033365874,612
380,31,100,4,0.4110018453624206,0.8294599896757581,0.1259605033365874,638
381,33,100,4,0.4114552158670101,0.8294599896757581,0.1259605033365874,655
382,35,100,4,0.4122535719538535,0.8294599896757581,0.1259605033365874,690
383,37,100,4,0.4129602637533648,0.8294599896757581,0.1259605033365874,715
384,39,100,4,0.413280031057319,0.8294599896757581,0.1259605033365874,737
385,41,100,4,0.413280031057319,0.8294599896757581,0.1259605033365874,761
386,43,100,4,0.4137134237772513,0.8294599896757581,0.1259605033365874,796
387,45,100,4,0.4137134237772513,0.8294599896757581,0.1259605033365874,818
388,47,100,4,0.4137134237772513,0.8294599896757581,0.1259605033365874,838
389,49,100,4,0.4158648953438408,0.8294599896757581,0.1259605033365874,868
390,0,100,5,0.1658020626086939,0.8417455214198867,0.1658020626086939,1
391,1,100,5,0.2360269117068735,0.8417455214198867,0.1658020626086939,44
392,3,100,5,0.3651956000375285,0.8417455214198867,0.1658020626086939,108
393,5,100,5,0.426227334759355,0.8417455214198867,0.1658020626086939,157
394,7,100,5,0.4642650859878388,0.8417455214198867,0.1658020626086939,188
395,9,100,5,0.4994216313012116,0.8417455214198867,0.1658020626086939,233
396,11,100,5,0.5254874050969034,0.8417455214198867,0.1658020626086939,280
397,13,100,5,0.5512454271976379,0.8417455214198867,0.1658020626086939,324
398,15,100,5,0.5721560411423434,0.8417455214198867,0.1658020626086939,368
399,17,100,5,0.582034486691258,0.8417455214198867,0.1658020626086939,399
400,19,100,5,0.5926936012079138,0.8417455214198867,0.1658020626086939,431
401,21,100,5,0.6114034106891496,0.8417455214198867,0.1658020626086939,473
402,23,100,5,0.628774397611593,0.8417455214198867,0.1658020626086939,501
403,25,100,5,0.6413279581318507,0.8417455214198867,0.1658020626086939,533
404,27,100,5,0.6454031526725931,0.8417455214198867,0.1658020626086939,557
405,29,100,5,0.657225852686892,0.8417455214198867,0.1658020626086939,595
406,31,100,5,0.6610311118494648,0.8417455214198867,0.1658020626086939,624
407,33,100,5,0.6649007481707805,0.8417455214198867,0.1658020626086939,651
408,35,100,5,0.6721037059175611,0.8417455214198867,0.1658020626086939,682
409,37,100,5,0.675854218699646,0.8417455214198867,0.1658020626086939,717
410,39,100,5,0.6798935941966683,0.8417455214198867,0.1658020626086939,742
411,41,100,5,0.6798935941966683,0.8417455214198867,0.1658020626086939,755
412,43,100,5,0.6835416054575358,0.8417455214198867,0.1658020626086939,774
413,45,100,5,0.6868631627982862,0.8417455214198867,0.1658020626086939,800
414,47,100,5,0.6901496511179924,0.8417455214198867,0.1658020626086939,820
415,49,100,5,0.6996267689293405,0.8417455214198867,0.1658020626086939,843
416,0,100,6,0.1470864911620456,0.8308723491438699,0.1470864911620456,1
417,1,100,6,0.1601320372000787,0.8308723491438699,0.1470864911620456,41
418,3,100,6,0.1925992207215613,0.8308723491438699,0.1470864911620456,105
419,5,100,6,0.2255493045366379,0.8308723491438699,0.1470864911620456,161
420,7,100,6,0.2676638473920418,0.8308723491438699,0.1470864911620456,220
421,9,100,6,0.2870420216718799,0.8308723491438699,0.1470864911620456,263
422,11,100,6,0.3044905700409151,0.8308723491438699,0.1470864911620456,300
423,13,100,6,0.3401658676747939,0.8308723491438699,0.1470864911620456,351
424,15,100,6,0.3629982862493052,0.8308723491438699,0.1470864911620456,385
425,17,100,6,0.3946515235543624,0.8308723491438699,0.1470864911620456,425
426,19,100,6,0.4054504440831272,0.8308723491438699,0.1470864911620456,453
427,21,100,6,0.4375884251991591,0.8308723491438699,0.1470864911620456,480
428,23,100,6,0.4502562556796587,0.8308723491438699,0.1470864911620456,500
429,25,100,6,0.4555397824875234,0.8308723491438699,0.1470864911620456,526
430,27,100,6,0.5109275478292841,0.8308723491438699,0.1470864911620456,558
431,29,100,6,0.5358251955705055,0.8308723491438699,0.1470864911620456,587
432,31,100,6,0.5660695752777396,0.8308723491438699,0.1470864911620456,616
433,33,100,6,0.5975631103761759,0.8308723491438699,0.1470864911620456,643
434,35,100,6,0.6230104180444265,0.8308723491438699,0.1470864911620456,669
435,37,100,6,0.6332974842415107,0.8308723491438699,0.1470864911620456,696
436,39,100,6,0.645570166427417,0.8308723491438699,0.1470864911620456,721
437,41,100,6,0.6612546752816261,0.8308723491438699,0.1470864911620456,743
438,43,100,6,0.6739891576679348,0.8308723491438699,0.1470864911620456,776
439,45,100,6,0.685411726804375,0.8308723491438699,0.1470864911620456,801
440,47,100,6,0.7070401434522492,0.8308723491438699,0.1470864911620456,826
441,49,100,6,0.712696637872169,0.8308723491438699,0.1470864911620456,853
442,0,100,7,0.1257614430913934,0.8381104587256093,0.1257614430913934,1
443,1,100,7,0.1326443880805455,0.8381104587256093,0.1257614430913934,43
444,3,100,7,0.1622339758301524,0.8381104587256093,0.1257614430913934,114
445,5,100,7,0.1870070031272445,0.8381104587256093,0.1257614430913934,168
446,7,100,7,0.2064668009124358,0.8381104587256093,0.1257614430913934,222
447,9,100,7,0.2278729814374243,0.8381104587256093,0.1257614430913934,274
448,11,100,7,0.2416682502107469,0.8381104587256093,0.1257614430913934,313
449,13,100,7,0.2488335484503942,0.8381104587256093,0.1257614430913934,346
450,15,100,7,0.2547803709251783,0.8381104587256093,0.1257614430913934,389
451,17,100,7,0.270842162688007,0.8381104587256093,0.1257614430913934,429
452,19,100,7,0.2746438069624799,0.8381104587256093,0.1257614430913934,475
453,21,100,7,0.2821402866677312,0.8381104587256093,0.1257614430913934,508
454,23,100,7,0.2906156677561173,0.8381104587256093,0.1257614430913934,538
455,25,100,7,0.2979607686027243,0.8381104587256093,0.1257614430913934,566
456,27,100,7,0.3009465930014401,0.8381104587256093,0.1257614430913934,605
457,29,100,7,0.3049773738980655,0.8381104587256093,0.1257614430913934,641
458,31,100,7,0.3049773738980655,0.8381104587256093,0.1257614430913934,668
459,33,100,7,0.3092080511977643,0.8381104587256093,0.1257614430913934,701
460,35,100,7,0.3145153563696288,0.8381104587256093,0.1257614430913934,736
461,37,100,7,0.3178612795590105,0.8381104587256093,0.1257614430913934,776
462,39,100,7,0.3262647294550087,0.8381104587256093,0.1257614430913934,807
463,41,100,7,0.329010221953683,0.8381104587256093,0.1257614430913934,844
464,43,100,7,0.3317554316762263,0.8381104587256093,0.1257614430913934,879
465,45,100,7,0.3317554316762263,0.8381104587256093,0.1257614430913934,908
466,47,100,7,0.3341258428613988,0.8381104587256093,0.1257614430913934,938
467,49,100,7,0.3363007597037463,0.8381104587256093,0.1257614430913934,971
468,0,100,8,0.1282207680872203,0.8088581373319537,0.1282207680872203,1
469,1,100,8,0.1922531899286303,0.8088581373319537,0.1282207680872203,39
470,3,100,8,0.2867235428465567,0.8088581373319537,0.1282207680872203,101
471,5,100,8,0.3708630463610554,0.8088581373319537,0.1282207680872203,164
472,7,100,8,0.4401192483386377,0.8088581373319537,0.1282207680872203,211
473,9,100,8,0.5010714940396901,0.8088581373319537,0.1282207680872203,252
474,11,100,8,0.5322769356044315,0.8088581373319537,0.1282207680872203,312
475,13,100,8,0.5413234111343526,0.8088581373319537,0.1282207680872203,343
476,15,100,8,0.5497473817747847,0.8088581373319537,0.1282207680872203,368
477,17,100,8,0.5595645401566339,0.8088581373319537,0.1282207680872203,399
478,19,100,8,0.5656339992951341,0.8088581373319537,0.1282207680872203,430
479,21,100,8,0.5676460524493997,0.8088581373319537,0.1282207680872203,464
480,23,100,8,0.5680131048376446,0.8088581373319537,0.1282207680872203,481
481,25,100,8,0.5684822530677454,0.8088581373319537,0.1282207680872203,506
482,27,100,8,0.5689042151575573,0.8088581373319537,0.1282207680872203,536
483,29,100,8,0.5695299379758584,0.8088581373319537,0.1282207680872203,552
484,31,100,8,0.5708822073579516,0.8088581373319537,0.1282207680872203,585
485,33,100,8,0.571051708063071,0.8088581373319537,0.1282207680872203,613
486,35,100,8,0.5713700168913466,0.8088581373319537,0.1282207680872203,641
487,37,100,8,0.5713700168913466,0.8088581373319537,0.1282207680872203,668
488,39,100,8,0.5713700168913466,0.8088581373319537,0.1282207680872203,690
489,41,100,8,0.5713700168913466,0.8088581373319537,0.1282207680872203,713
490,43,100,8,0.5714095568582689,0.8088581373319537,0.1282207680872203,730
491,45,100,8,0.5714095568582689,0.8088581373319537,0.1282207680872203,741
492,47,100,8,0.5714095568582689,0.8088581373319537,0.1282207680872203,759
493,49,100,8,0.5714095568582689,0.8088581373319537,0.1282207680872203,774
494,0,100,10,0.1282146420099753,0.8245480965101816,0.1282146420099753,1
495,1,100,10,0.1540848574105514,0.8245480965101816,0.1282146420099753,42
496,3,100,10,0.2043028393930377,0.8245480965101816,0.1282146420099753,111
497,5,100,10,0.2674832516123396,0.8245480965101816,0.1282146420099753,163
498,7,100,10,0.2972808447581682,0.8245480965101816,0.1282146420099753,205
499,9,100,10,0.3487285233066186,0.8245480965101816,0.1282146420099753,267
500,11,100,10,0.3630086006173244,0.8245480965101816,0.1282146420099753,302
501,13,100,10,0.4207339831063444,0.8245480965101816,0.1282146420099753,359
502,15,100,10,0.441574254824175,0.8245480965101816,0.1282146420099753,398
503,17,100,10,0.4682610273499667,0.8245480965101816,0.1282146420099753,431
504,19,100,10,0.4868159455252987,0.8245480965101816,0.1282146420099753,462
505,21,100,10,0.5105914147659518,0.8245480965101816,0.1282146420099753,488
506,23,100,10,0.5208508599395476,0.8245480965101816,0.1282146420099753,513
507,25,100,10,0.532795913548825,0.8245480965101816,0.1282146420099753,540
508,27,100,10,0.5479812927942252,0.8245480965101816,0.1282146420099753,563
509,29,100,10,0.552424661013481,0.8245480965101816,0.1282146420099753,583
510,31,100,10,0.5613210024985866,0.8245480965101816,0.1282146420099753,605
511,33,100,10,0.5657815318476578,0.8245480965101816,0.1282146420099753,628
512,35,100,10,0.5734061506663047,0.8245480965101816,0.1282146420099753,646
513,37,100,10,0.5838457059803425,0.8245480965101816,0.1282146420099753,665
514,39,100,10,0.5869403183917578,0.8245480965101816,0.1282146420099753,679
515,41,100,10,0.5928198445846593,0.8245480965101816,0.1282146420099753,697
516,43,100,10,0.5973022937280974,0.8245480965101816,0.1282146420099753,716
517,45,100,10,0.6015653682154065,0.8245480965101816,0.1282146420099753,728
518,47,100,10,0.6048577860943969,0.8245480965101816,0.1282146420099753,747
519,49,100,10,0.6048577860943969,0.8245480965101816,0.1282146420099753,754
520,0,1000,0,0.1274868144200626,0.8509180475880371,0.1274868144200626,1
521,1,1000,0,0.3488286015984668,0.8509180475880371,0.1274868144200626,266
522,3,1000,0,0.4646731900155381,0.8509180475880371,0.1274868144200626,610
523,5,1000,0,0.5037457192712496,0.8509180475880371,0.1274868144200626,868
524,7,1000,0,0.5315048957296982,0.8509180475880371,0.1274868144200626,1112
525,9,1000,0,0.563841829091308,0.8509180475880371,0.1274868144200626,1344
526,11,1000,0,0.5942046395846335,0.8509180475880371,0.1274868144200626,1561
527,13,1000,0,0.6089559437029084,0.8509180475880371,0.1274868144200626,1748
528,15,1000,0,0.6395353851314797,0.8509180475880371,0.1274868144200626,1933
529,17,1000,0,0.6600732956103192,0.8509180475880371,0.1274868144200626,2102
530,19,1000,0,0.6819901539508463,0.8509180475880371,0.1274868144200626,2275
531,21,1000,0,0.7026253934996316,0.8509180475880371,0.1274868144200626,2434
532,23,1000,0,0.7094940770559649,0.8509180475880371,0.1274868144200626,2590
533,25,1000,0,0.7149631398461311,0.8509180475880371,0.1274868144200626,2733
534,27,1000,0,0.7209126036143672,0.8509180475880371,0.1274868144200626,2869
535,29,1000,0,0.7251082010433128,0.8509180475880371,0.1274868144200626,2990
536,31,1000,0,0.7287446641645636,0.8509180475880371,0.1274868144200626,3082
537,33,1000,0,0.7335665262345509,0.8509180475880371,0.1274868144200626,3174
538,35,1000,0,0.7371428985625237,0.8509180475880371,0.1274868144200626,3260
539,37,1000,0,0.7394048427828219,0.8509180475880371,0.1274868144200626,3373
540,39,1000,0,0.7424019576574147,0.8509180475880371,0.1274868144200626,3483
541,41,1000,0,0.7439671472179855,0.8509180475880371,0.1274868144200626,3560
542,43,1000,0,0.746050009172935,0.8509180475880371,0.1274868144200626,3645
543,45,1000,0,0.747328299004093,0.8509180475880371,0.1274868144200626,3723
544,47,1000,0,0.7481761710431176,0.8509180475880371,0.1274868144200626,3801
545,49,1000,0,0.7495762840421237,0.8509180475880371,0.1274868144200626,3891
546,0,1000,1,0.1325445596828589,0.8547401451553432,0.1325445596828589,1
547,1,1000,1,0.2209757412123171,0.8547401451553432,0.1325445596828589,291
548,3,1000,1,0.3885466273314124,0.8547401451553432,0.1325445596828589,672
549,5,1000,1,0.4733522014381657,0.8547401451553432,0.1325445596828589,955
550,7,1000,1,0.5193775626087676,0.8547401451553432,0.1325445596828589,1238
551,9,1000,1,0.5380905394105732,0.8547401451553432,0.1325445596828589,1481
552,11,1000,1,0.5617425206412843,0.8547401451553432,0.1325445596828589,1690
553,13,1000,1,0.5699193995185579,0.8547401451553432,0.1325445596828589,1872
554,15,1000,1,0.5820339087370996,0.8547401451553432,0.1325445596828589,2071
555,17,1000,1,0.5962681976032052,0.8547401451553432,0.1325445596828589,2257
556,19,1000,1,0.6073772145844588,0.8547401451553432,0.1325445596828589,2426
557,21,1000,1,0.6125953448642767,0.8547401451553432,0.1325445596828589,2567
558,23,1000,1,0.6183072549400148,0.8547401451553432,0.1325445596828589,2735
559,25,1000,1,0.6262842931538849,0.8547401451553432,0.1325445596828589,2882
560,27,1000,1,0.6313874912837271,0.8547401451553432,0.1325445596828589,3025
561,29,1000,1,0.6380394739070231,0.8547401451553432,0.1325445596828589,3150
562,31,1000,1,0.6469597686658688,0.8547401451553432,0.1325445596828589,3290
563,33,1000,1,0.6509966980373084,0.8547401451553432,0.1325445596828589,3403
564,35,1000,1,0.6513893372229238,0.8547401451553432,0.1325445596828589,3531
565,37,1000,1,0.655615013453898,0.8547401451553432,0.1325445596828589,3648
566,39,1000,1,0.662139028123443,0.8547401451553432,0.1325445596828589,3751
567,41,1000,1,0.6623344636581937,0.8547401451553432,0.1325445596828589,3854
568,43,1000,1,0.6638584950567414,0.8547401451553432,0.1325445596828589,3956
569,45,1000,1,0.6655751077422672,0.8547401451553432,0.1325445596828589,4067
570,47,1000,1,0.6667818989992029,0.8547401451553432,0.1325445596828589,4148
571,49,1000,1,0.6686558589620724,0.8547401451553432,0.1325445596828589,4256
572,0,1000,2,0.157839287183821,0.8461617567930518,0.157839287183821,1
573,1,1000,2,0.3300161561939289,0.8461617567930518,0.157839287183821,254
574,3,1000,2,0.5745712718013113,0.8461617567930518,0.157839287183821,573
575,5,1000,2,0.6689187757650289,0.8461617567930518,0.157839287183821,836
576,7,1000,2,0.672706103171204,0.8461617567930518,0.157839287183821,1004
577,9,1000,2,0.674829523243674,0.8461617567930518,0.157839287183821,1141
578,11,1000,2,0.676312113156639,0.8461617567930518,0.157839287183821,1261
579,13,1000,2,0.6788559683526763,0.8461617567930518,0.157839287183821,1380
580,15,1000,2,0.6805776495778987,0.8461617567930518,0.157839287183821,1511
581,17,1000,2,0.6820303644829532,0.8461617567930518,0.157839287183821,1640
582,19,1000,2,0.6827533877220588,0.8461617567930518,0.157839287183821,1741
583,21,1000,2,0.6839115065939638,0.8461617567930518,0.157839287183821,1851
584,23,1000,2,0.6847923816812711,0.8461617567930518,0.157839287183821,1934
585,25,1000,2,0.6851729031504786,0.8461617567930518,0.157839287183821,2026
586,27,1000,2,0.6871191129956449,0.8461617567930518,0.157839287183821,2113
587,29,1000,2,0.6880337175573608,0.8461617567930518,0.157839287183821,2210
588,31,1000,2,0.6889164860806521,0.8461617567930518,0.157839287183821,2283
589,33,1000,2,0.6889164860806521,0.8461617567930518,0.157839287183821,2373
590,35,1000,2,0.6892843379400834,0.8461617567930518,0.157839287183821,2461
591,37,1000,2,0.6894256367754239,0.8461617567930518,0.157839287183821,2534
592,39,1000,2,0.689645457295909,0.8461617567930518,0.157839287183821,2617
593,41,1000,2,0.689645457295909,0.8461617567930518,0.157839287183821,2693
594,43,1000,2,0.689645457295909,0.8461617567930518,0.157839287183821,2774
595,45,1000,2,0.689645457295909,0.8461617567930518,0.157839287183821,2858
596,47,1000,2,0.689645457295909,0.8461617567930518,0.157839287183821,2949
597,49,1000,2,0.689645457295909,0.8461617567930518,0.157839287183821,3035
598,0,1000,3,0.1603707439314983,0.8521578621099476,0.1603707439314983,1
599,1,1000,3,0.4941456083200147,0.8521578621099476,0.1603707439314983,274
600,3,1000,3,0.6798957074858595,0.8521578621099476,0.1603707439314983,612
601,5,1000,3,0.7281810027625109,0.8521578621099476,0.1603707439314983,855
602,7,1000,3,0.736675509193437,0.8521578621099476,0.1603707439314983,1094
603,9,1000,3,0.7369075454833589,0.8521578621099476,0.1603707439314983,1269
604,11,1000,3,0.7374320652931949,0.8521578621099476,0.1603707439314983,1430
605,13,1000,3,0.7380100371226552,0.8521578621099476,0.1603707439314983,1560
606,15,1000,3,0.7386534790891821,0.8521578621099476,0.1603707439314983,1673
607,17,1000,3,0.7398009939511234,0.8521578621099476,0.1603707439314983,1791
608,19,1000,3,0.7412773387119965,0.8521578621099476,0.1603707439314983,1888
609,21,1000,3,0.7419388425359926,0.8521578621099476,0.1603707439314983,1995
610,23,1000,3,0.7425433005037199,0.8521578621099476,0.1603707439314983,2097
611,25,1000,3,0.743498830896448,0.8521578621099476,0.1603707439314983,2180
612,27,1000,3,0.7456798052226078,0.8521578621099476,0.1603707439314983,2277
613,29,1000,3,0.7491343904771604,0.8521578621099476,0.1603707439314983,2374
614,31,1000,3,0.7518645970227683,0.8521578621099476,0.1603707439314983,2461
615,33,1000,3,0.7551066436382219,0.8521578621099476,0.1603707439314983,2557
616,35,1000,3,0.7612956721172635,0.8521578621099476,0.1603707439314983,2645
617,37,1000,3,0.7634370847353168,0.8521578621099476,0.1603707439314983,2742
618,39,1000,3,0.7740746927424426,0.8521578621099476,0.1603707439314983,2835
619,41,1000,3,0.7829695071500643,0.8521578621099476,0.1603707439314983,2911
620,43,1000,3,0.7861905933867311,0.8521578621099476,0.1603707439314983,2994
621,45,1000,3,0.7912273723126587,0.8521578621099476,0.1603707439314983,3097
622,47,1000,3,0.7975311328771824,0.8521578621099476,0.1603707439314983,3176
623,49,1000,3,0.8055373740356904,0.8521578621099476,0.1603707439314983,3284
624,0,1000,4,0.1234365855993075,0.8265274302584291,0.1234365855993075,1
625,1,1000,4,0.4260553972452548,0.8265274302584291,0.1234365855993075,272
626,3,1000,4,0.523689879668473,0.8265274302584291,0.1234365855993075,629
627,5,1000,4,0.5818267042205537,0.8265274302584291,0.1234365855993075,882
628,7,1000,4,0.6048906282708842,0.8265274302584291,0.1234365855993075,1077
629,9,1000,4,0.6298666623468917,0.8265274302584291,0.1234365855993075,1287
630,11,1000,4,0.6509228144902225,0.8265274302584291,0.1234365855993075,1475
631,13,1000,4,0.6738826513027685,0.8265274302584291,0.1234365855993075,1663
632,15,1000,4,0.6876560829759618,0.8265274302584291,0.1234365855993075,1841
633,17,1000,4,0.7033909461800051,0.8265274302584291,0.1234365855993075,2007
634,19,1000,4,0.7105177200421976,0.8265274302584291,0.1234365855993075,2163
635,21,1000,4,0.7220473898460718,0.8265274302584291,0.1234365855993075,2307
636,23,1000,4,0.7284359367275882,0.8265274302584291,0.1234365855993075,2468
637,25,1000,4,0.7369519118634276,0.8265274302584291,0.1234365855993075,2608
638,27,1000,4,0.7416608220051785,0.8265274302584291,0.1234365855993075,2756
639,29,1000,4,0.7448717894034866,0.8265274302584291,0.1234365855993075,2891
640,31,1000,4,0.7461907311241889,0.8265274302584291,0.1234365855993075,3030
641,33,1000,4,0.7470376887025446,0.8265274302584291,0.1234365855993075,3144
642,35,1000,4,0.7473807055224827,0.8265274302584291,0.1234365855993075,3271
643,37,1000,4,0.7476152603560146,0.8265274302584291,0.1234365855993075,3381
644,39,1000,4,0.7480193705273935,0.8265274302584291,0.1234365855993075,3495
645,41,1000,4,0.748198188029926,0.8265274302584291,0.1234365855993075,3584
646,43,1000,4,0.748198188029926,0.8265274302584291,0.1234365855993075,3680
647,45,1000,4,0.748198188029926,0.8265274302584291,0.1234365855993075,3753
648,47,1000,4,0.7482389911107965,0.8265274302584291,0.1234365855993075,3830
649,49,1000,4,0.7482389911107965,0.8265274302584291,0.1234365855993075,3906
650,0,1000,5,0.1365116765331346,0.8616943594451177,0.1365116765331346,1
651,1,1000,5,0.4949884525630063,0.8616943594451177,0.1365116765331346,289
652,3,1000,5,0.6263401752984705,0.8616943594451177,0.1365116765331346,604
653,5,1000,5,0.6921970899063997,0.8616943594451177,0.1365116765331346,908
654,7,1000,5,0.7315076952865112,0.8616943594451177,0.1365116765331346,1171
655,9,1000,5,0.7486945104618503,0.8616943594451177,0.1365116765331346,1362
656,11,1000,5,0.7603372523539568,0.8616943594451177,0.1365116765331346,1534
657,13,1000,5,0.7623459119394798,0.8616943594451177,0.1365116765331346,1667
658,15,1000,5,0.7631194632261733,0.8616943594451177,0.1365116765331346,1780
659,17,1000,5,0.7632135742678806,0.8616943594451177,0.1365116765331346,1871
660,19,1000,5,0.7632135742678806,0.8616943594451177,0.1365116765331346,1943
661,21,1000,5,0.7632135742678806,0.8616943594451177,0.1365116765331346,2012
662,23,1000,5,0.7632135742678806,0.8616943594451177,0.1365116765331346,2074
663,25,1000,5,0.7632135742678806,0.8616943594451177,0.1365116765331346,2114
664,27,1000,5,0.7632135742678806,0.8616943594451177,0.1365116765331346,2168
665,29,1000,5,0.7632135742678806,0.8616943594451177,0.1365116765331346,2235
666,31,1000,5,0.7632135742678806,0.8616943594451177,0.1365116765331346,2297
667,33,1000,5,0.7632135742678806,0.8616943594451177,0.1365116765331346,2357
668,35,1000,5,0.7632135742678806,0.8616943594451177,0.1365116765331346,2417
669,37,1000,5,0.7632135742678806,0.8616943594451177,0.1365116765331346,2473
670,39,1000,5,0.7632135742678806,0.8616943594451177,0.1365116765331346,2535
671,41,1000,5,0.7632135742678806,0.8616943594451177,0.1365116765331346,2572
672,43,1000,5,0.7632135742678806,0.8616943594451177,0.1365116765331346,2607
673,45,1000,5,0.7632135742678806,0.8616943594451177,0.1365116765331346,2653
674,47,1000,5,0.7632135742678806,0.8616943594451177,0.1365116765331346,2690
675,49,1000,5,0.7632135742678806,0.8616943594451177,0.1365116765331346,2736
676,0,1000,6,0.1449745994313983,0.8291452095788269,0.1449745994313983,1
677,1,1000,6,0.2583672091681084,0.8291452095788269,0.1449745994313983,291
678,3,1000,6,0.4481287117975445,0.8291452095788269,0.1449745994313983,677
679,5,1000,6,0.5192752967139578,0.8291452095788269,0.1449745994313983,958
680,7,1000,6,0.5724803431490311,0.8291452095788269,0.1449745994313983,1219
681,9,1000,6,0.6065269668232534,0.8291452095788269,0.1449745994313983,1435
682,11,1000,6,0.6205236708426713,0.8291452095788269,0.1449745994313983,1630
683,13,1000,6,0.6364346027232732,0.8291452095788269,0.1449745994313983,1809
684,15,1000,6,0.6395247940135576,0.8291452095788269,0.1449745994313983,1956
685,17,1000,6,0.6405952285541218,0.8291452095788269,0.1449745994313983,2092
686,19,1000,6,0.6407108997622591,0.8291452095788269,0.1449745994313983,2201
687,21,1000,6,0.6407108997622591,0.8291452095788269,0.1449745994313983,2310
688,23,1000,6,0.6407108997622591,0.8291452095788269,0.1449745994313983,2411
689,25,1000,6,0.6407108997622591,0.8291452095788269,0.1449745994313983,2484
690,27,1000,6,0.6407108997622591,0.8291452095788269,0.1449745994313983,2564
691,29,1000,6,0.6407108997622591,0.8291452095788269,0.1449745994313983,2636
692,31,1000,6,0.6407108997622591,0.8291452095788269,0.1449745994313983,2707
693,33,1000,6,0.6407108997622591,0.8291452095788269,0.1449745994313983,2762
694,35,1000,6,0.6407108997622591,0.8291452095788269,0.1449745994313983,2829
695,37,1000,6,0.6407108997622591,0.8291452095788269,0.1449745994313983,2885
696,39,1000,6,0.6407108997622591,0.8291452095788269,0.1449745994313983,2946
697,41,1000,6,0.6407108997622591,0.8291452095788269,0.1449745994313983,3008
698,43,1000,6,0.6407108997622591,0.8291452095788269,0.1449745994313983,3041
699,45,1000,6,0.6407108997622591,0.8291452095788269,0.1449745994313983,3090
700,47,1000,6,0.6407108997622591,0.8291452095788269,0.1449745994313983,3137
701,49,1000,6,0.6407108997622591,0.8291452095788269,0.1449745994313983,3197
702,0,1000,7,0.1241455628665243,0.8488997523113164,0.1241455628665243,1
703,1,1000,7,0.2570717517273784,0.8488997523113164,0.1241455628665243,286
704,3,1000,7,0.4550936234021084,0.8488997523113164,0.1241455628665243,714
705,5,1000,7,0.5866719784603177,0.8488997523113164,0.1241455628665243,1011
706,7,1000,7,0.6361669134184029,0.8488997523113164,0.1241455628665243,1244
707,9,1000,7,0.6571449334262414,0.8488997523113164,0.1241455628665243,1434
708,11,1000,7,0.6620011272504088,0.8488997523113164,0.1241455628665243,1584
709,13,1000,7,0.6654290234100597,0.8488997523113164,0.1241455628665243,1730
710,15,1000,7,0.6656207020563943,0.8488997523113164,0.1241455628665243,1871
711,17,1000,7,0.6656207020563943,0.8488997523113164,0.1241455628665243,1967
712,19,1000,7,0.6656207020563943,0.8488997523113164,0.1241455628665243,2065
713,21,1000,7,0.6656207020563943,0.8488997523113164,0.1241455628665243,2132
714,23,1000,7,0.6656207020563943,0.8488997523113164,0.1241455628665243,2206
715,25,1000,7,0.6656207020563943,0.8488997523113164,0.1241455628665243,2278
716,27,1000,7,0.6656207020563943,0.8488997523113164,0.1241455628665243,2343
717,29,1000,7,0.6656207020563943,0.8488997523113164,0.1241455628665243,2427
718,31,1000,7,0.6656207020563943,0.8488997523113164,0.1241455628665243,2507
719,33,1000,7,0.6656207020563943,0.8488997523113164,0.1241455628665243,2577
720,35,1000,7,0.6656207020563943,0.8488997523113164,0.1241455628665243,2658
721,37,1000,7,0.6656207020563943,0.8488997523113164,0.1241455628665243,2720
722,39,1000,7,0.6656207020563943,0.8488997523113164,0.1241455628665243,2782
723,41,1000,7,0.6656207020563943,0.8488997523113164,0.1241455628665243,2844
724,43,1000,7,0.6656207020563943,0.8488997523113164,0.1241455628665243,2916
725,45,1000,7,0.6656207020563943,0.8488997523113164,0.1241455628665243,2972
726,47,1000,7,0.6656207020563943,0.8488997523113164,0.1241455628665243,3025
727,49,1000,7,0.6656207020563943,0.8488997523113164,0.1241455628665243,3086
728,0,1000,8,0.1321360270104922,0.8093489918880149,0.1321360270104922,1
729,1,1000,8,0.5770156636132571,0.8093489918880149,0.1321360270104922,264
730,3,1000,8,0.5818577652761203,0.8093489918880149,0.1321360270104922,549
731,5,1000,8,0.581905226050464,0.8093489918880149,0.1321360270104922,722
732,7,1000,8,0.581905226050464,0.8093489918880149,0.1321360270104922,846
733,9,1000,8,0.581905226050464,0.8093489918880149,0.1321360270104922,945
734,11,1000,8,0.581905226050464,0.8093489918880149,0.1321360270104922,1028
735,13,1000,8,0.581905226050464,0.8093489918880149,0.1321360270104922,1094
736,15,1000,8,0.581905226050464,0.8093489918880149,0.1321360270104922,1174
737,17,1000,8,0.581905226050464,0.8093489918880149,0.1321360270104922,1225
738,19,1000,8,0.581905226050464,0.8093489918880149,0.1321360270104922,1291
739,21,1000,8,0.581905226050464,0.8093489918880149,0.1321360270104922,1351
740,23,1000,8,0.581905226050464,0.8093489918880149,0.1321360270104922,1410
741,25,1000,8,0.581905226050464,0.8093489918880149,0.1321360270104922,1460
742,27,1000,8,0.581905226050464,0.8093489918880149,0.1321360270104922,1500
743,29,1000,8,0.581905226050464,0.8093489918880149,0.1321360270104922,1534
744,31,1000,8,0.581905226050464,0.8093489918880149,0.1321360270104922,1578
745,33,1000,8,0.581905226050464,0.8093489918880149,0.1321360270104922,1616
746,35,1000,8,0.581905226050464,0.8093489918880149,0.1321360270104922,1667
747,37,1000,8,0.581905226050464,0.8093489918880149,0.1321360270104922,1708
748,39,1000,8,0.581905226050464,0.8093489918880149,0.1321360270104922,1753
749,41,1000,8,0.581905226050464,0.8093489918880149,0.1321360270104922,1787
750,43,1000,8,0.581905226050464,0.8093489918880149,0.1321360270104922,1824
751,45,1000,8,0.581905226050464,0.8093489918880149,0.1321360270104922,1863
752,47,1000,8,0.581905226050464,0.8093489918880149,0.1321360270104922,1910
753,49,1000,8,0.581905226050464,0.8093489918880149,0.1321360270104922,1956
754,0,1000,10,0.1379549033103782,0.8181178107767406,0.1379549033103782,1
755,1,1000,10,0.3459346113784248,0.8181178107767406,0.1379549033103782,269
756,3,1000,10,0.5293935202625089,0.8181178107767406,0.1379549033103782,608
757,5,1000,10,0.6072988394088634,0.8181178107767406,0.1379549033103782,935
758,7,1000,10,0.6430024812775431,0.8181178107767406,0.1379549033103782,1219
759,9,1000,10,0.673773639234974,0.8181178107767406,0.1379549033103782,1431
760,11,1000,10,0.6986067498294027,0.8181178107767406,0.1379549033103782,1642
761,13,1000,10,0.7081931468141607,0.8181178107767406,0.1379549033103782,1825
762,15,1000,10,0.7118490556346676,0.8181178107767406,0.1379549033103782,1999
763,17,1000,10,0.7135080309235491,0.8181178107767406,0.1379549033103782,2115
764,19,1000,10,0.7145492124606355,0.8181178107767406,0.1379549033103782,2239
765,21,1000,10,0.7146869452801519,0.8181178107767406,0.1379549033103782,2351
766,23,1000,10,0.7146869452801519,0.8181178107767406,0.1379549033103782,2458
767,25,1000,10,0.7146869452801519,0.8181178107767406,0.1379549033103782,2541
768,27,1000,10,0.7146869452801519,0.8181178107767406,0.1379549033103782,2619
769,29,1000,10,0.7146869452801519,0.8181178107767406,0.1379549033103782,2692
770,31,1000,10,0.7146869452801519,0.8181178107767406,0.1379549033103782,2784
771,33,1000,10,0.7146869452801519,0.8181178107767406,0.1379549033103782,2851
772,35,1000,10,0.7146869452801519,0.8181178107767406,0.1379549033103782,2909
773,37,1000,10,0.7146869452801519,0.8181178107767406,0.1379549033103782,2982
774,39,1000,10,0.7146869452801519,0.8181178107767406,0.1379549033103782,3043
775,41,1000,10,0.7146869452801519,0.8181178107767406,0.1379549033103782,3109
776,43,1000,10,0.7146869452801519,0.8181178107767406,0.1379549033103782,3163
777,45,1000,10,0.7146869452801519,0.8181178107767406,0.1379549033103782,3207
778,47,1000,10,0.7146869452801519,0.8181178107767406,0.1379549033103782,3256
779,49,1000,10,0.7146869452801519,0.8181178107767406,0.1379549033103782,3306
